symbol,company_name,name,share_value,share_amount,share_percentage
AGRO.JK,PT Bank Raya Indonesia Tbk,,,,
AGRO.JK,PT Bank Raya Indonesia Tbk,PT. Bank Rakyat Indonesia (Persero) Tbk,5887482398138.0,21487162037.0,0.8685
AGRO.JK,PT Bank Raya Indonesia Tbk,Public (Scripless),888750903190.0,3243616435.0,0.13111
AGRO.JK,PT Bank Raya Indonesia Tbk,Public (Scrip),2634735228.0,9615822.0,0.00039
AGRS.JK,PT Bank IBK Indonesia Tbk.,,,,
AGRS.JK,PT Bank IBK Indonesia Tbk.,Industrial Bank of Korea,2712506903645.0,35227362385.0,0.9324
AGRS.JK,PT Bank IBK Indonesia Tbk.,Public (Scripless),163113392750.0,2118355750.0,0.0561
AGRS.JK,PT Bank IBK Indonesia Tbk.,Public (Scrip),32134179000.0,417327000.0,0.011
AGRS.JK,PT Bank IBK Indonesia Tbk.,Treasury Stock,1552237610.0,20158930.0,0.0005
AMAR.JK,PT Bank Amar Indonesia Tbk.,,,,
AMAR.JK,PT Bank Amar Indonesia Tbk.,Tolaram Pte. Ltd.,2817033480288.0,13041821668.0,0.70952
AMAR.JK,PT Bank Amar Indonesia Tbk.,Investree Singapore Pte Ltd,485239098312.0,2246477307.0,0.12222
AMAR.JK,PT Bank Amar Indonesia Tbk.,Public (Scripless),484738347672.0,2244159017.0,0.1221
AMAR.JK,PT Bank Amar Indonesia Tbk.,Treasury Stock,79363034280.0,367421455.0,0.01998
AMAR.JK,PT Bank Amar Indonesia Tbk.,Vishal Tulsian,63456091200.0,293778200.0,0.01598
AMAR.JK,PT Bank Amar Indonesia Tbk.,Public (Scrip),39703176000.0,183811000.0,0.01
AMAR.JK,PT Bank Amar Indonesia Tbk.,R. Eka Banyuaji,783240408.0,3626113.0,0.0002
ARTO.JK,PT Bank Jago Tbk.,,,,
ARTO.JK,PT Bank Jago Tbk.,PT Metamorfosis Ekosistem Indonesia,11811737437500.0,4129978125.0,0.29806
ARTO.JK,PT Bank Jago Tbk.,Masyarakat Umum,10688809419860.0,3737345951.0,0.26971
ARTO.JK,PT Bank Jago Tbk.,PT Dompet Karya Anak Bangsa,8482030700000.0,2965745000.0,0.21404
ARTO.JK,PT Bank Jago Tbk.,Wealth Track Technology Limited,4631224812500.0,1619309375.0,0.11686
ARTO.JK,PT Bank Jago Tbk.,GIC Private Limited,3596550437480.0,1257535118.0,0.09076
ARTO.JK,PT Bank Jago Tbk.,Public (Scrip),286000000000.0,100000000.0,0.0072
ARTO.JK,PT Bank Jago Tbk.,Arief Harris Tandjung,133408506660.0,46646331.0,0.00337
BABP.JK,PT Bank MNC Internasional Tbk.,,,,
BABP.JK,PT Bank MNC Internasional Tbk.,MNC Kapital Indonesia Tbk & Entitas Anak,1858340909081.0,22389649507.0,0.503
BABP.JK,PT Bank MNC Internasional Tbk.,Public (Scripless),943362604662.0,11365814514.0,0.2557
BABP.JK,PT Bank MNC Internasional Tbk.,Prima Cakrawala Sentosa,369009678088.0,4445899736.0,0.1
BABP.JK,PT Bank MNC Internasional Tbk.,Global Mediacom Tbk,266714966639.0,3213433333.0,0.0723
BABP.JK,PT Bank MNC Internasional Tbk.,MNC Land Tbk,251838621912.0,3034200264.0,0.0682
BABP.JK,PT Bank MNC Internasional Tbk.,Public (Scrip),830000000.0,10000000.0,0.0002
BACA.JK,PT Bank Capital Indonesia Tbk,,,,
BACA.JK,PT Bank Capital Indonesia Tbk,PT Capital Global Investama,1937582400000.0,14904480000.0,0.747
BACA.JK,PT Bank Capital Indonesia Tbk,Public (Scripless),656310835050.0,5048544885.0,0.253
BANK.JK,PT Bank Aladin Syariah Tbk,,,,
BANK.JK,PT Bank Aladin Syariah Tbk,PT ALADIN GLOBAL VENTURES,6733155656480.0,7651313246.0,0.5181
BANK.JK,PT Bank Aladin Syariah Tbk,Public (Scripless),5522154590480.0,6275175671.0,0.4249
BANK.JK,PT Bank Aladin Syariah Tbk,Public (Scrip),740960000000.0,842000000.0,0.057
BBCA.JK,PT Bank Central Asia Tbk.,,,,
BBCA.JK,PT Bank Central Asia Tbk.,PT Dwimuria Investama Andalan,690845490000000.0,67729950000.0,0.54942
BBCA.JK,PT Bank Central Asia Tbk.,Public (Scripless),533191518833400.0,52273678317.0,0.42404
BBCA.JK,PT Bank Central Asia Tbk.,Pihak Afiliasi Pengendali,30875170500000.0,3026977500.0,0.02455
BBCA.JK,PT Bank Central Asia Tbk.,Djohan Emir Setijoso,1089613419000.0,106824845.0,0.00087
BBCA.JK,PT Bank Central Asia Tbk.,Jahja Setiaatmadja,345278007000.0,33850785.0,0.00027
BBCA.JK,PT Bank Central Asia Tbk.,Robert Budi Hartono,286977000000.0,28135000.0,0.00023
BBCA.JK,PT Bank Central Asia Tbk.,Bambang Hartono,275655000000.0,27025000.0,0.00022
BBCA.JK,PT Bank Central Asia Tbk.,Tan Ho Hien/Subur disebut juga Subur Tan,109243754400.0,10710172.0,0.00009
BBCA.JK,PT Bank Central Asia Tbk.,Public (Scrip),114687576000.0,11243880.0,0.00009
BBCA.JK,PT Bank Central Asia Tbk.,Tonny Kusnadi,74150746200.0,7269681.0,0.00006
BBCA.JK,PT Bank Central Asia Tbk.,Armand Wahyudi Hartono,43411863000.0,4256065.0,0.00003
BBCA.JK,PT Bank Central Asia Tbk.,Vera Eve Lim,22565704800.0,2212324.0,0.00002
BBCA.JK,PT Bank Central Asia Tbk.,Santoso,27447200400.0,2690902.0,0.00002
BBCA.JK,PT Bank Central Asia Tbk.,Frengky Chandra Kusuma,21501436800.0,2107984.0,0.00002
BBCA.JK,PT Bank Central Asia Tbk.,Lianawaty Suwono,23099787000.0,2264685.0,0.00002
BBCA.JK,PT Bank Central Asia Tbk.,Rudy Susanto,29662895400.0,2908127.0,0.00002
BBCA.JK,PT Bank Central Asia Tbk.,John Kosasih,7456975200.0,731076.0,0.00001
BBCA.JK,PT Bank Central Asia Tbk.,Haryanto Tiara Budiman,7916209800.0,776099.0,0.00001
BBCA.JK,PT Bank Central Asia Tbk.,Gregory Hendra Lembong,11985479400.0,1175047.0,0.00001
BBHI.JK,PT Allo Bank Indonesia Tbk,,,,
BBHI.JK,PT Allo Bank Indonesia Tbk,PT Mega Corpora,13030080903035.0,13228508531.0,0.6088
BBHI.JK,PT Allo Bank Indonesia Tbk,Public (Scripless),3120743495380.0,3168267508.0,0.1458
BBHI.JK,PT Allo Bank Indonesia Tbk,PT Bukalapak.com Tbk,2460349649455.0,2497816903.0,0.1149
BBHI.JK,PT Allo Bank Indonesia Tbk,Abadi Investment Pte Ltd,1498301161050.0,1521117930.0,0.07
BBHI.JK,PT Allo Bank Indonesia Tbk,PT Indolife Investama Perkasa,1284258155210.0,1303815386.0,0.06
BBHI.JK,PT Allo Bank Indonesia Tbk,Ali Gunawan,10014790500.0,10167300.0,0.0005
BBKP.JK,PT Bank KB Bukopin Tbk,,,,
BBKP.JK,PT Bank KB Bukopin Tbk,"Kookmin Bank Co., Ltd.",8041967164864.0,125655736951.0,0.67
BBKP.JK,PT Bank KB Bukopin Tbk,STIC Eugene Star Holding Inc,2041600000000.0,31900000000.0,0.17
BBKP.JK,PT Bank KB Bukopin Tbk,Public (Scripless),1860855734976.0,29075870859.0,0.16
BBMD.JK,PT Bank Mestika Dharma Tbk.,,,,
BBMD.JK,PT Bank Mestika Dharma Tbk.,PT Mestika Benua Mas,7901323200000.0,3658020000.0,0.8944
BBMD.JK,PT Bank Mestika Dharma Tbk.,Public (Scripless),790398000000.0,365925000.0,0.0895
BBMD.JK,PT Bank Mestika Dharma Tbk.,Treasury Stock,136125792000.0,63021200.0,0.0154
BBMD.JK,PT Bank Mestika Dharma Tbk.,Public (Scrip),2276208000.0,1053800.0,0.0002
BBMD.JK,PT Bank Mestika Dharma Tbk.,Yanti Ganda,745200000.0,345000.0,0.00008
BBMD.JK,PT Bank Mestika Dharma Tbk.,Hendra Halim,745200000.0,345000.0,0.00008
BBMD.JK,PT Bank Mestika Dharma Tbk.,Zulkifli Halim,745200000.0,345000.0,0.00008
BBMD.JK,PT Bank Mestika Dharma Tbk.,Indra Halim,745200000.0,345000.0,0.00008
BBMD.JK,PT Bank Mestika Dharma Tbk.,Nursalim,745200000.0,345000.0,0.00008
BBMD.JK,PT Bank Mestika Dharma Tbk.,Sanusi Halim,745200000.0,345000.0,0.00008
BBNI.JK,PT Bank Negara Indonesia (Persero) Tbk,,,,
BBNI.JK,PT Bank Negara Indonesia (Persero) Tbk,Republic of Indonesia,120843293850000.0,22378387750.0,0.6
BBNI.JK,PT Bank Negara Indonesia (Persero) Tbk,Public (Scripless),80359013071800.0,14881298717.0,0.39899
BBNI.JK,PT Bank Negara Indonesia (Persero) Tbk,Public (Scrip),35625106800.0,6597242.0,0.00018
BBNI.JK,PT Bank Negara Indonesia (Persero) Tbk,PUTRAMA WAHJU SETYAWAN,20949440400.0,3879526.0,0.0001
BBNI.JK,PT Bank Negara Indonesia (Persero) Tbk,ROYKE TUMILAAR,19747481400.0,3656941.0,0.0001
BBNI.JK,PT Bank Negara Indonesia (Persero) Tbk,RONNY VENIR,19113818400.0,3539596.0,0.00009
BBNI.JK,PT Bank Negara Indonesia (Persero) Tbk,CORINA LEYLA KARNALIES,18934959600.0,3506474.0,0.00009
BBNI.JK,PT Bank Negara Indonesia (Persero) Tbk,NOVITA WIDYA ANGGRAINI,16976973600.0,3143884.0,0.00008
BBNI.JK,PT Bank Negara Indonesia (Persero) Tbk,DAVID PIRZADA,15443913600.0,2859984.0,0.00008
BBNI.JK,PT Bank Negara Indonesia (Persero) Tbk,MUCHAROM,13722199200.0,2541148.0,0.00007
BBNI.JK,PT Bank Negara Indonesia (Persero) Tbk,TOTO PRASETIO,11683958400.0,2163696.0,0.00006
BBNI.JK,PT Bank Negara Indonesia (Persero) Tbk,ASKOLANI,9463294800.0,1752462.0,0.00005
BBNI.JK,PT Bank Negara Indonesia (Persero) Tbk,HUSSEIN PAOLO KARTADJOEMENA,4960499400.0,918611.0,0.00003
BBNI.JK,PT Bank Negara Indonesia (Persero) Tbk,FADLANSYAH LUBIS,5329044000.0,986860.0,0.00003
BBNI.JK,PT Bank Negara Indonesia (Persero) Tbk,ROBERTUS BILLITEA,4665956400.0,864066.0,0.00002
BBNI.JK,PT Bank Negara Indonesia (Persero) Tbk,I MADE SUKAJAYA,3115324800.0,576912.0,0.00002
BBNI.JK,PT Bank Negara Indonesia (Persero) Tbk,PAHALA NUGRAHA MANSURY,2903531400.0,537691.0,0.00001
BBRI.JK,PT Bank Rakyat Indonesia (Persero) Tbk,,,,
BBRI.JK,PT Bank Rakyat Indonesia (Persero) Tbk,Republic of Indonesia,417161805333300.0,80610976876.0,0.53188
BBRI.JK,PT Bank Rakyat Indonesia (Persero) Tbk,Public (Scripless),362732977647450.0,70093329014.0,0.46248
BBRI.JK,PT Bank Rakyat Indonesia (Persero) Tbk,Treasury Stock,4062332565000.0,784991800.0,0.00518
BBRI.JK,PT Bank Rakyat Indonesia (Persero) Tbk,Public (Scrip),78068269800.0,15085656.0,0.00011
BBRI.JK,PT Bank Rakyat Indonesia (Persero) Tbk,Ahmad Solichin Lutfiyanto,28225329750.0,5454170.0,0.00004
BBRI.JK,PT Bank Rakyat Indonesia (Persero) Tbk,Handayani,29714332500.0,5741900.0,0.00004
BBRI.JK,PT Bank Rakyat Indonesia (Persero) Tbk,Sunarso,29283544800.0,5658656.0,0.00004
BBRI.JK,PT Bank Rakyat Indonesia (Persero) Tbk,Agus Noorsanto,20382467175.0,3938641.0,0.00003
BBRI.JK,PT Bank Rakyat Indonesia (Persero) Tbk,Catur Budi Harto,20935757475.0,4045557.0,0.00003
BBRI.JK,PT Bank Rakyat Indonesia (Persero) Tbk,Supari,25724479950.0,4970914.0,0.00003
BBRI.JK,PT Bank Rakyat Indonesia (Persero) Tbk,Viviana Dyah Ayu Retno,19765912500.0,3819500.0,0.00003
BBRI.JK,PT Bank Rakyat Indonesia (Persero) Tbk,Agus Winardono,17955599175.0,3469681.0,0.00002
BBRI.JK,PT Bank Rakyat Indonesia (Persero) Tbk,Agus Sudiarto,18547717500.0,3584100.0,0.00002
BBRI.JK,PT Bank Rakyat Indonesia (Persero) Tbk,Arga Mahanana Nugraha,17705667375.0,3421385.0,0.00002
BBRI.JK,PT Bank Rakyat Indonesia (Persero) Tbk,Amam Sukriyanto,18751374450.0,3623454.0,0.00002
BBRI.JK,PT Bank Rakyat Indonesia (Persero) Tbk,Andrijanto,15471697500.0,2989700.0,0.00002
BBRI.JK,PT Bank Rakyat Indonesia (Persero) Tbk,Rabin Indrajad Hattari,7814767500.0,1510100.0,0.00001
BBRI.JK,PT Bank Rakyat Indonesia (Persero) Tbk,Kartika Wirjoatmodjo,8683650000.0,1678000.0,0.00001
BBSI.JK,PT Krom Bank Indonesia Tbk,,,,
BBSI.JK,PT Krom Bank Indonesia Tbk,PT Finaccel Teknologi Indonesia,11740740952020.0,2756042477.0,0.75
BBSI.JK,PT Krom Bank Indonesia Tbk,Public (Scripless),1630704293100.0,382794435.0,0.1042
BBSI.JK,PT Krom Bank Indonesia Tbk,Sundjono Suriadi,768806788020.0,180471077.0,0.0491
BBSI.JK,PT Krom Bank Indonesia Tbk,PT Sun Land Investama,711436899420.0,167003967.0,0.0455
BBSI.JK,PT Krom Bank Indonesia Tbk,PT Sun Antarnusa Investment,697073819520.0,163632352.0,0.0445
BBSI.JK,PT Krom Bank Indonesia Tbk,Public (Scrip),105558510180.0,24778993.0,0.0067
BBTN.JK,PT Bank Tabungan Negara (Persero) Tbk,,,,
BBTN.JK,PT Bank Tabungan Negara (Persero) Tbk,Republic of Indonesia,11788933307200.0,8420666648.0,0.6
BBTN.JK,PT Bank Tabungan Negara (Persero) Tbk,Public (Scripless),7816392883600.0,5583137774.0,0.4
BBYB.JK,PT Bank Neo Commerce Tbk.,,,,
BBYB.JK,PT Bank Neo Commerce Tbk.,Public (Scripless),1921681433198.0,6912523141.0,0.5742
BBYB.JK,PT Bank Neo Commerce Tbk.,PT Akulaku Silvrr Indonesia,914369106946.0,3289097507.0,0.2732
BBYB.JK,PT Bank Neo Commerce Tbk.,PT Gozco Capital,282997245990.0,1017975705.0,0.0846
BBYB.JK,PT Bank Neo Commerce Tbk.,Rockcore Financial Technology Co. Ltd,204877208528.0,736968376.0,0.0612
BBYB.JK,PT Bank Neo Commerce Tbk.,Public (Scrip),22865486100.0,82249950.0,0.0068
BCIC.JK,PT Bank JTrust Indonesia Tbk.,,,,
BCIC.JK,PT Bank JTrust Indonesia Tbk.,"J Trust Co., Ltd.",1275903354945.0,13430561631.0,0.7416
BCIC.JK,PT Bank JTrust Indonesia Tbk.,J Trust Asia Pte. Ltd.,332346288955.0,3498381989.0,0.1932
BCIC.JK,PT Bank JTrust Indonesia Tbk.,Public (Scripless),73029822435.0,768734973.0,0.0424
BCIC.JK,PT Bank JTrust Indonesia Tbk.,PT JTrust Investment Indonesia,39163033510.0,412242458.0,0.0228
BDMN.JK,PT Bank Danamon Indonesia Tbk,,,,
BDMN.JK,PT Bank Danamon Indonesia Tbk,"MUFG Bank, Ltd (secara langsung dan tidak langsung)",24041221490720.0,9038053192.0,0.9247
BDMN.JK,PT Bank Danamon Indonesia Tbk,Public (Scripless),1940426429200.0,729483620.0,0.0746
BDMN.JK,PT Bank Danamon Indonesia Tbk,Public (Scrip),4142157320.0,1557202.0,0.0002
BDMN.JK,PT Bank Danamon Indonesia Tbk,Herry Hykmanto,1809480960.0,680256.0,0.0001
BDMN.JK,PT Bank Danamon Indonesia Tbk,Honggo Widjojo Kangmasto,3160080000.0,1188000.0,0.0001
BDMN.JK,PT Bank Danamon Indonesia Tbk,Hafid Hadeli,1420972000.0,534200.0,0.0001
BDMN.JK,PT Bank Danamon Indonesia Tbk,Muljono Tjandra,1337980000.0,503000.0,0.0001
BDMN.JK,PT Bank Danamon Indonesia Tbk,Dadi Budiana,1994202000.0,749700.0,0.0001
BEKS.JK,PT Bank Pembangunan Daerah Banten Tbk.,,,,
BEKS.JK,PT Bank Pembangunan Daerah Banten Tbk.,Pemerintah Provinsi Banten,822954135864.0,34289755661.0,0.6611
BEKS.JK,PT Bank Pembangunan Daerah Banten Tbk.,Public (Scripless),421936382520.0,17580682605.0,0.3389
BGTG.JK,PT Bank Ganesha Tbk.,,,,
BGTG.JK,PT Bank Ganesha Tbk.,Public,572071571695.0,8801101103.0,0.3671
BGTG.JK,PT Bank Ganesha Tbk.,PT Equity Development Investment Tbk,522366650000.0,8036410000.0,0.3353
BGTG.JK,PT Bank Ganesha Tbk.,Equity Global International Limited,372863621000.0,5736363400.0,0.2393
BGTG.JK,PT Bank Ganesha Tbk.,UOB Kay Hian Pte Ltd,90239844500.0,1388305300.0,0.0579
BGTG.JK,PT Bank Ganesha Tbk.,Ibrahim*,573124500.0,8817300.0,0.0004
BINA.JK,PT Bank Ina Perdana Tbk.,,,,
BINA.JK,PT Bank Ina Perdana Tbk.,PT Indolife Pensiontama,5701381567640.0,1400830852.0,0.2283
BINA.JK,PT Bank Ina Perdana Tbk.,Public (Scripless),4901628077610.0,1204331223.0,0.1963
BINA.JK,PT Bank Ina Perdana Tbk.,PT. Samudra Biru,4534847178620.0,1114213066.0,0.1816
BINA.JK,PT Bank Ina Perdana Tbk.,UOB Kay Hian Pte Ltd,4210075358500.0,1034416550.0,0.1686
BINA.JK,PT Bank Ina Perdana Tbk.,PT. Gaya Hidup Masa Kini,2955593531990.0,726190057.0,0.1184
BINA.JK,PT Bank Ina Perdana Tbk.,DBS BANK LTD S/A LTSL AS TRUSTEE OF NS FINANCIAL FUND,2415088142500.0,593387750.0,0.0967
BINA.JK,PT Bank Ina Perdana Tbk.,Public (Scrip),249682969690.0,61347167.0,0.01
BJBR.JK,Bank Pembangunan Daerah Jawa Barat dan Banten Tbk,,,,
BJBR.JK,Bank Pembangunan Daerah Jawa Barat dan Banten Tbk,PEMDA PROVINSI JAWA BARAT,4073438457975.0,4053172595.0,0.3852
BJBR.JK,Bank Pembangunan Daerah Jawa Barat dan Banten Tbk,PEMDA SE-JAWA BARAT DAN BANTEN,3149167044735.0,3133499547.0,0.2978
BJBR.JK,Bank Pembangunan Daerah Jawa Barat dan Banten Tbk,Public (Scripless),2577751019940.0,2564926388.0,0.24385
BJBR.JK,Bank Pembangunan Daerah Jawa Barat dan Banten Tbk,PEMDA KABUPATEN BANDUNG,765730794945.0,761921189.0,0.0724
BJBR.JK,Bank Pembangunan Daerah Jawa Barat dan Banten Tbk,YUDDY RENALDI,2201609280.0,2190656.0,0.00021
BJBR.JK,Bank Pembangunan Daerah Jawa Barat dan Banten Tbk,RIO LANASIER,1496865090.0,1489418.0,0.00014
BJBR.JK,Bank Pembangunan Daerah Jawa Barat dan Banten Tbk,TEDI SETIAWAN,1496855040.0,1489408.0,0.00014
BJBR.JK,Bank Pembangunan Daerah Jawa Barat dan Banten Tbk,NANCY ADISTYASARI,981743295.0,976859.0,0.00009
BJBR.JK,Bank Pembangunan Daerah Jawa Barat dan Banten Tbk,CECEP TRISNA,721717635.0,718127.0,0.00007
BJBR.JK,Bank Pembangunan Daerah Jawa Barat dan Banten Tbk,HANA DARTIWAN*,729195840.0,725568.0,0.00007
BJBR.JK,Bank Pembangunan Daerah Jawa Barat dan Banten Tbk,YUSUF SAADUDIN*,253570545.0,252309.0,0.00002
BJTM.JK,Bank Pembangunan Daerah Jawa Timur Tbk,,,,
BJTM.JK,Bank Pembangunan Daerah Jawa Timur Tbk,Pemda Tingkat I Provinsi Jawa Timur,4375840779360.0,7676913648.0,0.51127
BJTM.JK,Bank Pembangunan Daerah Jawa Timur Tbk,38 Pemda Kabupaten/Kota,2426623570380.0,4257234334.0,0.28352
BJTM.JK,Bank Pembangunan Daerah Jawa Timur Tbk,Public,1752053061000.0,3073777300.0,0.20471
BJTM.JK,Bank Pembangunan Daerah Jawa Timur Tbk,Busrul Iman,2081241000.0,3651300.0,0.00024
BJTM.JK,Bank Pembangunan Daerah Jawa Timur Tbk,R. Arief Wicaksono,542811000.0,952300.0,0.00006
BJTM.JK,Bank Pembangunan Daerah Jawa Timur Tbk,Edi Masrianto,435993000.0,764900.0,0.00005
BJTM.JK,Bank Pembangunan Daerah Jawa Timur Tbk,Arif Suhirman,467229000.0,819700.0,0.00005
BJTM.JK,Bank Pembangunan Daerah Jawa Timur Tbk,Eko Susetyono,254676000.0,446800.0,0.00003
BJTM.JK,Bank Pembangunan Daerah Jawa Timur Tbk,Umi Rodiyah,289845000.0,508500.0,0.00003
BJTM.JK,Bank Pembangunan Daerah Jawa Timur Tbk,Zulhelfi Abidin,198246000.0,347800.0,0.00002
BJTM.JK,Bank Pembangunan Daerah Jawa Timur Tbk,Adhy Karyono,46455000.0,81500.0,0.00001
BKSW.JK,PT Bank QNB Indonesia Tbk,,,,
BKSW.JK,PT Bank QNB Indonesia Tbk,Qatar National Bank (Q.P.S.C.),2084556866218.0,33621884939.0,0.9563
BKSW.JK,PT Bank QNB Indonesia Tbk,Public,95242132412.0,1536163426.0,0.0437
BMAS.JK,PT Bank Maspion Indonesia Tbk.,,,,
BMAS.JK,PT Bank Maspion Indonesia Tbk.,KASIKORN VISION FINANCIAL COMPANY PTE. LTD.,7560709632155.0,14680989577.0,0.811
BMAS.JK,PT Bank Maspion Indonesia Tbk.,PT Alim Investindo,1295338954565.0,2515221271.0,0.1389
BMAS.JK,PT Bank Maspion Indonesia Tbk.,KASIKORNBANK PUBLIC COMPANY LIMITED,228609431120.0,443901808.0,0.0245
BMAS.JK,PT Bank Maspion Indonesia Tbk.,Public (Scripless),144959534360.0,281474824.0,0.0156
BMAS.JK,PT Bank Maspion Indonesia Tbk.,PT KASIKORN VISION FINANCIAL INDONESIA,93228711360.0,181026624.0,0.01
BMRI.JK,PT Bank Mandiri (Persero) Tbk,,,,
BMRI.JK,PT Bank Mandiri (Persero) Tbk,Republic of Indonesia,340946666671350.0,48533333334.0,0.52
BMRI.JK,PT Bank Mandiri (Persero) Tbk,Public (Scripless),261598609529800.0,37238236232.0,0.39898
BMRI.JK,PT Bank Mandiri (Persero) Tbk,Indonesia Investment Authority,52453333328650.0,7466666666.0,0.08
BMRI.JK,PT Bank Mandiri (Persero) Tbk,Darmawan Junaidi,77164005000.0,10984200.0,0.00012
BMRI.JK,PT Bank Mandiri (Persero) Tbk,Alexandra Askandar,77473105000.0,11028200.0,0.00012
BMRI.JK,PT Bank Mandiri (Persero) Tbk,Sigit Prastowo,76360345000.0,10869800.0,0.00012
BMRI.JK,PT Bank Mandiri (Persero) Tbk,Riduan,79031250000.0,11250000.0,0.00012
BMRI.JK,PT Bank Mandiri (Persero) Tbk,Agus Dwi Handaya,74695420000.0,10632800.0,0.00011
BMRI.JK,PT Bank Mandiri (Persero) Tbk,Aquarius Rudianto,49891550000.0,7102000.0,0.00008
BMRI.JK,PT Bank Mandiri (Persero) Tbk,Timothy Utama,48378365000.0,6886600.0,0.00007
BMRI.JK,PT Bank Mandiri (Persero) Tbk,Toni Eko Boy Subari,42727455000.0,6082200.0,0.00006
BMRI.JK,PT Bank Mandiri (Persero) Tbk,Rohan Hafas,41905530000.0,5965200.0,0.00006
BMRI.JK,PT Bank Mandiri (Persero) Tbk,Rionald Silaban,24097155000.0,3430200.0,0.00004
BMRI.JK,PT Bank Mandiri (Persero) Tbk,Arief Budimanta,21892710000.0,3116400.0,0.00003
BMRI.JK,PT Bank Mandiri (Persero) Tbk,Faried Utomo,21892710000.0,3116400.0,0.00003
BMRI.JK,PT Bank Mandiri (Persero) Tbk,Muhammad Yusuf Ateh,18782040000.0,2673600.0,0.00003
BMRI.JK,PT Bank Mandiri (Persero) Tbk,Eka Fitria,8412437500.0,1197500.0,0.00001
BNBA.JK,Bank Bumi Arta Tbk,,,,
BNBA.JK,Bank Bumi Arta Tbk,PT Takjub Finansial Teknologi,929420800000.0,1133440000.0,0.3345
BNBA.JK,Bank Bumi Arta Tbk,PT Surya Husada Investment,820325245620.0,1000396641.0,0.2953
BNBA.JK,Bank Bumi Arta Tbk,PT Dana Graha Agung,492195146880.0,600237984.0,0.1772
BNBA.JK,Bank Bumi Arta Tbk,PT Budiman Kencana Lestari,304205490100.0,370982305.0,0.1095
BNBA.JK,Bank Bumi Arta Tbk,Public (Scripless),230851492200.0,281526210.0,0.0831
BNBA.JK,Bank Bumi Arta Tbk,Wikan Aryono S,246000000.0,300000.0,0.0001
BNBA.JK,Bank Bumi Arta Tbk,I GST AGUNG RAI WIRAJAYA,188600000.0,230000.0,0.0001
BNBA.JK,Bank Bumi Arta Tbk,"Ir. Rachmat Mulia Suryahusada, MBA",347319200.0,423560.0,0.0001
BNBA.JK,Bank Bumi Arta Tbk,Hendrik Atmaja,288640000.0,352000.0,0.0001
BNGA.JK,PT Bank CIMB Niaga Tbk,,,,
BNGA.JK,PT Bank CIMB Niaga Tbk,CIMB Group Sdn Bhd,43683539503900.0,22991336581.0,0.91445
BNGA.JK,PT Bank CIMB Niaga Tbk,Public (Scripless),3555107499000.0,1871109210.0,0.07442
BNGA.JK,PT Bank CIMB Niaga Tbk,PT Commerce Kapital,485259521200.0,255399748.0,0.01016
BNGA.JK,PT Bank CIMB Niaga Tbk,Public (Scrip),32074796800.0,16881472.0,0.00067
BNGA.JK,PT Bank CIMB Niaga Tbk,LANI DARMAWAN,2871851900.0,1511501.0,0.00006
BNGA.JK,PT Bank CIMB Niaga Tbk,VERA HANDAJANI,2005261900.0,1055401.0,0.00004
BNGA.JK,PT Bank CIMB Niaga Tbk,FRANSISKA OEI,1799301900.0,947001.0,0.00004
BNGA.JK,PT Bank CIMB Niaga Tbk,JOHN SIMON,1849271900.0,973301.0,0.00004
BNGA.JK,PT Bank CIMB Niaga Tbk,PANDJI P DJAJANEGARA,1392369400.0,732826.0,0.00003
BNGA.JK,PT Bank CIMB Niaga Tbk,LEE KAI KWONG,1261600000.0,664000.0,0.00003
BNGA.JK,PT Bank CIMB Niaga Tbk,RUSLY JOHANNES,1544701900.0,813001.0,0.00003
BNGA.JK,PT Bank CIMB Niaga Tbk,JONI RAINI,465311900.0,244901.0,0.00001
BNGA.JK,PT Bank CIMB Niaga Tbk,TJIOE MEI TJUEN,276640000.0,145600.0,0.00001
BNGA.JK,PT Bank CIMB Niaga Tbk,HENKY SULISTYO,638210000.0,335900.0,0.00001
BNII.JK,PT Bank Maybank Indonesia Tbk,,,,
BNII.JK,PT Bank Maybank Indonesia Tbk,SORAK FINANCIAL HOLDINGS PTE LTD,7891870296500.0,34312479550.0,0.4502
BNII.JK,PT Bank Maybank Indonesia Tbk,MAYBANK OFFSHORE CORPORATE SERVICES,5952950619080.0,25882393996.0,0.3396
BNII.JK,PT Bank Maybank Indonesia Tbk,Public (Scripless),1935963187040.0,8417231248.0,0.11044
BNII.JK,PT Bank Maybank Indonesia Tbk,VITAL SOLUTION FUND,1530228812270.0,6653168749.0,0.08729
BNII.JK,PT Bank Maybank Indonesia Tbk,Public (Scrip),218482123940.0,949922278.0,0.01246
BNLI.JK,Bank Permata Tbk,,,,
BNLI.JK,Bank Permata Tbk,Bangkok Bank Public Company Limited,46429750511300.0,35715192701.0,0.9871
BNLI.JK,Bank Permata Tbk,Public (Scrip),472707040000.0,363620800.0,0.01
BNLI.JK,Bank Permata Tbk,Public (Scripless),133249065300.0,102499281.0,0.0029
BRIS.JK,PT Bank Syariah Indonesia Tbk,,,,
BRIS.JK,PT Bank Syariah Indonesia Tbk,PT Bank Mandiri (Persero) Tbk,65049267114640.0,23740608436.0,0.5147
BRIS.JK,PT Bank Syariah Indonesia Tbk,PT Bank Negara Indonesia (Persero) Tbk-Divisi PPA,29373431345320.0,10720230418.0,0.2324
BRIS.JK,PT Bank Syariah Indonesia Tbk,PT Bank Rakyat Indonesia (Persero) Tbk,19434166934700.0,7092761655.0,0.1538
BRIS.JK,PT Bank Syariah Indonesia Tbk,Public (Scripless),12508818230720.0,4565262128.0,0.099
BRIS.JK,PT Bank Syariah Indonesia Tbk,HERY GUNARDI,6514624000.0,2377600.0,0.0001
BSIM.JK,Bank Sinarmas Tbk,,,,
BSIM.JK,Bank Sinarmas Tbk,Public (Scripless),6408148005050.0,7538997653.0,0.3823
BSIM.JK,Bank Sinarmas Tbk,PT Sinar Mas Multiartha Tbk,5026412780000.0,5913426800.0,0.29995
BSIM.JK,Bank Sinarmas Tbk,UBS AG Singapore S/A PT Sinar Mas Multiartha Tbk,5026412780000.0,5913426800.0,0.29995
BSIM.JK,Bank Sinarmas Tbk,Public (Scrip),297764477500.0,350311150.0,0.0178
BSWD.JK,Bank of India Indonesia Tbk,,,,
BSWD.JK,Bank of India Indonesia Tbk,Bank Of India,10066464000000.0,3355488000.0,0.9096
BSWD.JK,Bank of India Indonesia Tbk,Public (Scripless),841213035000.0,280404345.0,0.076
BSWD.JK,Bank of India Indonesia Tbk,Public (Scrip),158923500000.0,52974500.0,0.0144
BTPN.JK,PT Bank BTPN Tbk,,,,
BTPN.JK,PT Bank BTPN Tbk,Sumitomo Mitsui Banking Corporation,22487358582000.0,9692826975.0,0.91047
BTPN.JK,PT Bank BTPN Tbk,Public (Scripless),1925028848480.0,829753814.0,0.07794
BTPN.JK,PT Bank BTPN Tbk,Public (Scrip),282458132400.0,121749195.0,0.01144
BTPN.JK,PT Bank BTPN Tbk,Ongki Wanadjati Dana,1997065280.0,860804.0,0.00008
BTPN.JK,PT Bank BTPN Tbk,Merisa Darwis,515870560.0,222358.0,0.00002
BTPN.JK,PT Bank BTPN Tbk,Henoch Munandar,403113920.0,173756.0,0.00002
BTPN.JK,PT Bank BTPN Tbk,Darmadi Sutanto,206758400.0,89120.0,0.00001
BTPN.JK,PT Bank BTPN Tbk,Hanna Tantani,343717280.0,148154.0,0.00001
BTPN.JK,PT Bank BTPN Tbk,Dini Herdini,275087040.0,118572.0,0.00001
BTPS.JK,PT Bank BTPN Syariah Tbk.,,,,
BTPS.JK,PT Bank BTPN Syariah Tbk.,PT Bank BTPN Tbk,7010367000000.0,5392590000.0,0.7
BTPS.JK,PT Bank BTPN Syariah Tbk.,Public (Scripless),3003294840000.0,2310226800.0,0.29989
BTPS.JK,PT Bank BTPN Syariah Tbk.,Hadi Wibowo,251160000.0,193200.0,0.00003
BTPS.JK,PT Bank BTPN Syariah Tbk.,Arief Ismail,318370000.0,244900.0,0.00003
BTPS.JK,PT Bank BTPN Syariah Tbk.,Treasury Stock,315900000.0,243000.0,0.00003
BTPS.JK,PT Bank BTPN Syariah Tbk.,Dwiyono Bayu Winantio,130520000.0,100400.0,0.00001
BTPS.JK,PT Bank BTPN Syariah Tbk.,Fachmy Achmad,132210000.0,101700.0,0.00001
BVIC.JK,Bank Victoria International Tbk,,,,
BVIC.JK,Bank Victoria International Tbk,PT Victoria Investama Tbk,581874633001.0,7010537747.0,0.4423
BVIC.JK,Bank Victoria International Tbk,Public (Scripless),478942204996.0,5770388012.0,0.3642
BVIC.JK,Bank Victoria International Tbk,Suzanna Tanojo,254512138149.0,3066411303.0,0.1935
DNAR.JK,PT Bank Oke Indonesia Tbk.,,,,
DNAR.JK,PT Bank Oke Indonesia Tbk.,"OK Next Co.,Ltd (Formerly APRO Financial Co., Ltd)",1299537225655.0,15288673243.0,0.89734
DNAR.JK,PT Bank Oke Indonesia Tbk.,Public (Scripless),122588525070.0,1442217942.0,0.08465
DNAR.JK,PT Bank Oke Indonesia Tbk.,Public (Scrip),13727500000.0,161500000.0,0.00948
DNAR.JK,PT Bank Oke Indonesia Tbk.,Treasury Stock,12359092565.0,145401089.0,0.00853
INPC.JK,Bank Artha Graha Internasional Tbk,,,,
INPC.JK,Bank Artha Graha Internasional Tbk,Public (Scripless),533968555779.0,7969679937.0,0.3941
INPC.JK,Bank Artha Graha Internasional Tbk,PT CAKRA INTI UTAMA,194896959414.0,2908909842.0,0.1438
INPC.JK,Bank Artha Graha Internasional Tbk,Public (Scrip),162576422121.0,2426513763.0,0.1201
INPC.JK,Bank Artha Graha Internasional Tbk,PT PIRUS PLATINUM MURNI,91203011459.0,1361238977.0,0.0673
INPC.JK,Bank Artha Graha Internasional Tbk,PT CERANA ARTHA PUTRA,88584535951.0,1322157253.0,0.0654
INPC.JK,Bank Artha Graha Internasional Tbk,PT ARTHA GRAHA NETWORK,76019341010.0,1134617030.0,0.0561
INPC.JK,Bank Artha Graha Internasional Tbk,PT PUSPITA BISNISPURI,72890190430.0,1087913290.0,0.0538
INPC.JK,Bank Artha Graha Internasional Tbk,PT ARTHAMULIA SENTOSAJAYA,56242419097.0,839439091.0,0.0415
INPC.JK,Bank Artha Graha Internasional Tbk,PT KARYA NUSANTARA PERMAI,47747400858.0,712647774.0,0.0352
INPC.JK,Bank Artha Graha Internasional Tbk,SUGIANTO KUSUMA,30180180150.0,450450450.0,0.0223
INPC.JK,Bank Artha Graha Internasional Tbk,HANDOYO SOEDIRDJA,603000000.0,9000000.0,0.0004
MASB.JK,PT Bank Multiarta Sentosa Tbk,,,,
MASB.JK,PT Bank Multiarta Sentosa Tbk,PT Danabina Sentana,2414895000000.0,738500000.0,0.52674
MASB.JK,PT Bank Multiarta Sentosa Tbk,Public (Scripless),1238220695010.0,378660763.0,0.27009
MASB.JK,PT Bank Multiarta Sentosa Tbk,PT Multi Anekadana Sakti,862462500000.0,263750000.0,0.18812
MASB.JK,PT Bank Multiarta Sentosa Tbk,PT Halim Sakti,68997000000.0,21100000.0,0.01505
MAYA.JK,PT Bank Mayapada Internasional Tbk,,,,
MAYA.JK,PT Bank Mayapada Internasional Tbk,"Mayapada Karunia Corporation, PT",1618707950848.0,6323077933.0,0.2416
MAYA.JK,PT Bank Mayapada Internasional Tbk,"Dato ' Sri. Prof. DR. Tahir, MBA",1295732677376.0,5061455771.0,0.1934
MAYA.JK,PT Bank Mayapada Internasional Tbk,Public (Scripless),1008429540608.0,3939177893.0,0.1506
MAYA.JK,PT Bank Mayapada Internasional Tbk,"Mayapada Kasih Corporation, PT",824310452992.0,3219962707.0,0.1231
MAYA.JK,PT Bank Mayapada Internasional Tbk,"Gatsu Griya Megatama, PT",586390186496.0,2290586666.0,0.0875
MAYA.JK,PT Bank Mayapada Internasional Tbk,JPMCB Na Re-Cathay Life lnsurance Co Ltd,580974995456.0,2269433576.0,0.0867
MAYA.JK,PT Bank Mayapada Internasional Tbk,Jonathan Tahir,387617516288.0,1514130923.0,0.0579
MAYA.JK,PT Bank Mayapada Internasional Tbk,Galasco Investments Limited,383868994816.0,1499488261.0,0.0573
MAYA.JK,PT Bank Mayapada Internasional Tbk,Public (Scrip),12939264000.0,50544000.0,0.0019
MCOR.JK,PT Bank China Construction Bank Indonesia Tbk,,,,
MCOR.JK,PT Bank China Construction Bank Indonesia Tbk,CHINA CONSTRUCTION BANK CORPORATION,1683615714318.0,22751563707.0,0.6
MCOR.JK,PT Bank China Construction Bank Indonesia Tbk,Public (Scripless),534205923558.0,7218998967.0,0.1903
MCOR.JK,PT Bank China Construction Bank Indonesia Tbk,UOB KAY HIAN PTE LTD,230349601744.0,3112832456.0,0.0821
MCOR.JK,PT Bank China Construction Bank Indonesia Tbk,DRS. JOHNNY,194702414170.0,2631113705.0,0.0694
MCOR.JK,PT Bank China Construction Bank Indonesia Tbk,Public (Scrip),163186404246.0,2205221679.0,0.0582
MEGA.JK,Bank Mega Tbk,,,,
MEGA.JK,Bank Mega Tbk,PT. Mega Corpora,34742340431400.0,6812223614.0,0.5802
MEGA.JK,Bank Mega Tbk,Public (Scripless),25136368730100.0,4928699751.0,0.4198
NISP.JK,PT Bank OCBC NISP Tbk,,,,
NISP.JK,PT Bank OCBC NISP Tbk,OCBC Overseas Investments Pte. Ltd.,26158664240160.0,19521391224.0,0.85078
NISP.JK,PT Bank OCBC NISP Tbk,Public (Scripless),4260271335780.0,3179306967.0,0.13861
NISP.JK,PT Bank OCBC NISP Tbk,Public (Scrip),321120841460.0,239642419.0,0.0104
NISP.JK,PT Bank OCBC NISP Tbk,PARWATI SURJAUDAJA,4299282800.0,3208420.0,0.00014
NISP.JK,PT Bank OCBC NISP Tbk,PRAMUKTI SURJAUDAJA,605602280.0,451942.0,0.00002
NISP.JK,PT Bank OCBC NISP Tbk,HARTATI,289440000.0,216000.0,0.00001
NISP.JK,PT Bank OCBC NISP Tbk,JOHANNES HUSIN,289440000.0,216000.0,0.00001
NISP.JK,PT Bank OCBC NISP Tbk,ANDRAE KRISHNAWAN W,289440000.0,216000.0,0.00001
NISP.JK,PT Bank OCBC NISP Tbk,JOSEPH CHAN FOOK ONN,289440000.0,216000.0,0.00001
NISP.JK,PT Bank OCBC NISP Tbk,MARTIN WIDJAJA,289440000.0,216000.0,0.00001
NOBU.JK,PT Bank Nationalnobu Tbk.,,,,
NOBU.JK,PT Bank Nationalnobu Tbk.,PT Putera Mulia Indonesia,1156012835490.0,1792267962.0,0.2397
NOBU.JK,PT Bank Nationalnobu Tbk.,PT Star Pacific Tbk,648980115045.0,1006170721.0,0.1345
NOBU.JK,PT Bank Nationalnobu Tbk.,Public (Scripless),555860350485.0,861798993.0,0.1154
NOBU.JK,PT Bank Nationalnobu Tbk.,PT Prima Cakrawala Sentosa,514420402740.0,797551012.0,0.1066
NOBU.JK,PT Bank Nationalnobu Tbk.,PT MNC Land Tbk,482359631550.0,747844390.0,0.1
NOBU.JK,PT Bank Nationalnobu Tbk.,PT Matahari Departement Store Tbk,469560000000.0,728000000.0,0.0973
NOBU.JK,PT Bank Nationalnobu Tbk.,PT Inti Anugerah Pratama,387045873045.0,600071121.0,0.0802
NOBU.JK,PT Bank Nationalnobu Tbk.,OCBC Securities PTE LTD -Client A/C,333044911500.0,516348700.0,0.069
NOBU.JK,PT Bank Nationalnobu Tbk.,Nomura Securities CO LTD A/C CLIENT,276312195000.0,428391000.0,0.0573
PNBN.JK,Bank Pan Indonesia Tbk,,,,
PNBN.JK,Bank Pan Indonesia Tbk,PT. PANIN FINANCIAL Tbk,14249456601225.0,11089071285.0,0.4604
PNBN.JK,Bank Pan Indonesia Tbk,VOTRAINT NO.1103 PTY LTD-922704000,12014484200320.0,9349793152.0,0.3882
PNBN.JK,Bank Pan Indonesia Tbk,Public (Scripless),4023533068615.0,3131154139.0,0.13
PNBN.JK,Bank Pan Indonesia Tbk,Public (Scrip),657312737270.0,511527422.0,0.0212
PNBN.JK,Bank Pan Indonesia Tbk,Treasury Stock,7838500000.0,6100000.0,0.0002
PNBS.JK,PT Bank Panin Dubai Syariah Tbk.,,,,
PNBS.JK,PT Bank Panin Dubai Syariah Tbk.,PT Bank Panin Tbk,1358319405716.0,26121527033.0,0.673
PNBS.JK,PT Bank Panin Dubai Syariah Tbk.,Dubai Islamic Bank PJSC,506595646492.0,9742223971.0,0.251
PNBS.JK,PT Bank Panin Dubai Syariah Tbk.,Public (Scripless),153391789460.0,2949842105.0,0.076
SDRA.JK,PT Bank Woori Saudara Indonesia 1906 Tbk,,,,
SDRA.JK,PT Bank Woori Saudara Indonesia 1906 Tbk,Woori Bank Korea,6213391351576.0,13333457836.0,0.9075
SDRA.JK,PT Bank Woori Saudara Indonesia 1906 Tbk,Public (Scripless),630351076258.0,1352684713.0,0.0921
SDRA.JK,PT Bank Woori Saudara Indonesia 1906 Tbk,Arief Budiman,1076786200.0,2310700.0,0.0002
SDRA.JK,PT Bank Woori Saudara Indonesia 1906 Tbk,Public (Scrip),1484042240.0,3184640.0,0.0002
